0.galaxies.galaxy.bulge.centre.centre_0,0.galaxies.galaxy.bulge.centre.centre_1,0.galaxies.galaxy.bulge.ell_comps.ell_comps_0,0.galaxies.galaxy.bulge.ell_comps.ell_comps_1,0.galaxies.galaxy.bulge.effective_radius,0.galaxies.galaxy.bulge.sersic_index,0.galaxies.galaxy.disk.centre.centre_0,0.galaxies.galaxy.disk.centre.centre_1,0.galaxies.galaxy.disk.ell_comps.ell_comps_0,0.galaxies.galaxy.disk.ell_comps.ell_comps_1,0.galaxies.galaxy.disk.effective_radius,1.galaxies.galaxy.bulge.centre.centre_0,1.galaxies.galaxy.bulge.centre.centre_1,1.galaxies.galaxy.bulge.ell_comps.ell_comps_0,1.galaxies.galaxy.bulge.ell_comps.ell_comps_1,1.galaxies.galaxy.bulge.effective_radius,1.galaxies.galaxy.bulge.sersic_index,1.galaxies.galaxy.disk.centre.centre_0,1.galaxies.galaxy.disk.centre.centre_1,1.galaxies.galaxy.disk.ell_comps.ell_comps_0,1.galaxies.galaxy.disk.ell_comps.ell_comps_1,1.galaxies.galaxy.disk.effective_radius,     log_likelihood,           log_prior,      log_posterior,                weight
                     0.5407106011501951,                  -0.050366343006694604,                           -0.208092300760082,                         -0.05114265262561006,                      11.197003093933542,                  1.6868528292327643,                   -0.4183661645797396,                  0.052530795440096235,                        -0.04432522514970703,                        -0.16951539172723953,                      24.37758861219502,                     0.6953381258279363,                    0.25339248613511406,                         0.018510140476024565,                          -0.2648559268738023,                      26.375893169206115,                   3.009247972286431,                 -0.004738639024538406,                   0.13761801519609415,                         -0.3256501429174198,                         0.14635366521204224,                     12.099477045514881,-39187.517693081274,    6.53592886219829,-39180.981764219076,                   0.0
                    0.23582950095010086,                    -0.4689020716320394,                          -0.1929615087469182,                           0.5559782768898544,                       7.424126080085154,                   3.745699648860424,                    0.1235925145873042,                   0.11174693285721633,                          0.3555268099076158,                         -0.6660719032535619,                     4.6702302840517165,                    0.47889901801548684,                    0.05585865877704668,                           0.4663582884222478,                           0.3355362910336922,                      13.932569584835825,                  3.5634325638430306,                   0.11152758370036189,                  -0.16406864964482956,                         0.18566761659254202,                         -0.5189435982849334,                     3.0390939196539426,-22142.342316110335,  -3.130513935350317,-22145.472830045685,                   0.0
                   -0.06282734397996592,                    -0.5200383397406736,                            0.523702768063039,                          -0.2721977360930219,                      17.360138279246783,                   3.215170348231089,                  -0.29020323976395274,                  -0.20158599682483677,                         0.21964729332105354,                         -0.8597537937163079,                      5.821417562445342,                    -0.3034424538630585,                      0.395413163186976,                            0.336412873595802,                          -0.0505037291278089,                       5.362654884540915,                  1.0492277369542022,                   -0.3571666765537922,                  0.007407410077806706,                        0.022945753537821866,                         0.18681358636341214,                      5.373929600953915,-31960.105241303554, -0.5552690656749913,-31960.660510369227,                   0.0
                   -0.27413720763590993,                   -0.12518991015135014,                          0.11997102230696928,                          0.30752920207362605,                       8.121495942568966,                   2.222638905345268,                   0.08731413464849822,                   0.16184127782772156,                        -0.02228647850450126,                         0.31702221309567874,                     2.6424157594865836,                   -0.25825240876195354,                    -0.2761192632058393,                         -0.11007595187253974,                         -0.34210108534293515,                      12.421498866693915,                  3.4867522248331433,                   -0.5142210972250579,                  -0.06031884380795322,                        -0.02419560273769547,                         0.33906590795878166,                     11.433156852940822,-19217.220867535056,   2.736974978582558,-19214.483892556473,                   0.0
                    -0.5227520177391899,                   -0.16282422688857193,                         -0.19988604898762555,                         -0.19011897431127975,                       20.51462274807095,                  3.9969169433711045,                   0.24832522418203656,                     0.204700895288859,                        0.007455464085478285,                          0.6104092811233746,                     22.242011561786654,                   -0.02657128875111941,                     0.5112471432121001,                         -0.15762733864944575,                           0.3710262546182167,                       26.84739716625344,                  1.7417480920677901,                  -0.04650784684222132,                  -0.05194402912345027,                         0.07975973163122703,                         -0.5186982288682676,                     29.413908087613972,-30871.395220205617,   1.085025708645306, -30870.31019449697,                   0.0
                    0.06372274920308638,                    0.23628418155219266,                           0.4682913698028596,                         -0.14036683302773045,                      29.566229850265774,                  0.8169923620028516,                  -0.27987422369732595,                   -0.5258930970041169,                        -0.11922197285966914,                      -0.0002226391910003665,                      8.763800016218699,                   -0.48478468871324876,                    -0.2379255395127659,                         -0.07343349805022462,                          -0.3540774732031871,                       22.61492283452531,                  1.9994434850586131,                   0.03037686968006174,                  -0.11567034904215989,                         -0.2233626267768523,                        -0.08414096805505701,                     19.651841469473183, -45228.52867808553,    3.84138424796232, -45224.68729383757,                   0.0
                     0.2538770458233605,                   -0.30833340514914565,                          0.02745044980679468,                           0.2515574238321825,                      1.5065972292792151,                  3.7728411564943594,                  -0.20309632832865912,                  0.047706975575918395,                         0.14331309738373774,                         -0.4941886279751767,                    0.28559456115193727,                    0.08215813458344083,                    -0.3810019576344941,                         -0.23515915503890913,                          0.35268398223816294,                       4.355918778511725,                  2.7859427341508303,                  -0.04667784100174979,                   -0.2627208270447943,                        -0.20513054616312482,                        -0.30148265971602334,                     20.579733971230045,-31988.541870024557,  1.0910796294899334, -31987.45079039507,                   0.0
                     0.2857990146870436,                    -0.2764896468221256,                          0.07818835887182664,                          0.15723021584820468,                      23.194470730605474,                   4.655490442143245,                   -0.2929738097030199,                   0.41446383024158995,                         -0.0904758922880677,                         0.11566867311630871,                     15.297433324734728,                    -0.3233627518065218,                    -0.5103990876057185,                           0.5607582536167827,                       -0.0020862304838364406,                       5.715677301159488,                    4.52646335251288,                   0.28482349928163836,                  0.017798555008991968,                           0.562333395316535,                         0.40269943176389705,                     13.925678273767927,-17625.380414400257,   2.381662598592294,-17622.998751801664,                   0.0
                    0.06438573485256747,                     0.2679769716103225,                        -0.043066502569687505,                         -0.04911428572957232,                        9.08769452763215,                     3.7635160120351,                     0.289691643272294,                    0.4703790261770435,                          0.3667949613625704,                         0.20990574479422106,                      5.963041517647176,                     0.3473892193144808,                     0.1521482678608592,                        0.0064219168661510005,                          0.24605124060658834,                       18.53662519328426,                   4.987646750590311,                    0.2007808454369985,                   -0.1321200673463075,                         0.19499843602693728,                         0.12877854245810438,                     22.401142111258828,-11576.963880778141,    3.86867109623962,-11573.095209681902,                   1.0
                    -0.6650363970938614,                   -0.03381030762462902,                           0.1786831262481472,                         -0.08662373140137734,                      26.624454350244058,                  2.7938050845781577,                   -0.2051875936416542,                  -0.46026337696739805,                           0.366807242048627,                        -0.15176194356754516,                     15.217734179981319,                     0.8379957360659692,                      -0.29445031421399,                          -0.1040110507220466,                         0.016950321991514684,                      27.022248166991833,                  1.9693951148805562,                    0.2634671815430966,                   -0.2508889936748908,                      -0.0025704736512266587,                        0.035051462406898756,                     27.677766455240445, -33214.06328195415,  10.116628525938738, -33203.94665342821,                   0.0
                    -0.5545008089874514,                   -0.21798277950897083,                         -0.21581257138542723,                          0.10996862293172435,                      26.710110568219925,                   2.047296236827564,                   0.10085347843427028,                  0.016972142941772416,                       -0.021695910360684103,                         -0.3949409745750527,                     26.146434940140065,                     0.2869327200872512,                   -0.19957911177508797,                         -0.07829062010099368,                         -0.04560299584159374,                       7.648114894236981,                   2.480712387710774,                   -0.3262258301059589,                   -0.3809646465854842,                      -0.0038505824734777565,                        -0.34283669759362123,                      29.57566757644947, -41516.09405208084,    4.49985622824102,  -41511.5941958526,                   0.0
                    0.07069375725605363,                    0.13916588736453506,                         0.023614601931067056,                          -0.7524194297246586,                      21.303894408211864,                  1.8657310399016078,                0.00022988568409438247,                  -0.29834534925225986,                          0.8988360806589603,                          0.5688475855992817,                      25.67556542405261,                   -0.08879365416057268,                    0.25996391690861076,                         -0.11409800954990194,                          0.17285279007639034,                        9.61538691643354,                  1.2119120405246069,                    -0.235734060412787,                  -0.06037366066159772,                         0.21405064316046962,                        -0.19855592422942664,                     27.790784118025307, -33209.81413771078,  -6.481020528804062, -33216.29515823958,                   0.0
                   -0.20611791538962201,                    0.22364185479326343,                          0.18056488891656217,                         -0.17807526271949545,                       27.67868717806209,                   2.237110492480216,                  -0.22538686667208283,                    0.3603813787547618,                         0.16830589519736505,                        -0.47126348946864616,                      5.032084310959383,                  -0.054528399915419835,                    -0.2994333921123989,                          -0.5205907475932234,                         -0.19956098710993025,                       4.158453489055263,                  3.7104958854876315,                   -0.5736644315256917,                  -0.20421995372382593,                         0.18197226958318916,                        -0.25368753860485393,                      5.578756764631482,-35742.301487416895,   2.362494342162157,-35739.938993074735,                   0.0
                    -0.1777734343287083,                   -0.37158205818935514,                         -0.15313201841403248,                        -0.005961494849091495,                      11.854253935942097,                   3.814259790381807,                    0.3174029648025865,                   0.31629567174081413,                        -0.08685984716407485,                         0.38860614118660014,                     3.1461054829592374,                    0.06193688793171168,                   -0.33504739560474595,                          -0.2824491113649509,                          -0.9895586293412482,                      14.314087774706545,                   2.708415352341178,                 -0.022687233125918586,                  -0.03694548541106497,                         0.07358605484979416,                        -0.05368550652984311,                     25.789115416502693,-18737.588108288805, -1.9401263308612782,-18739.528234619665,                   0.0
                    -0.3942595251701512,                   -0.04389623586796399,                         -0.26089923811514193,                          0.14251020514782317,                       2.023904451746348,                  1.8005182262777086,                   -0.1644984949996805,                    0.1996673848085093,                         0.36210489264738877,                          0.1727479051608963,                     11.814679584439503,                   0.015741786425178022,                     0.2704973298941568,                         -0.17372608397724199,                           -0.169904350170713,                       3.202125353623595,                  2.3866436613462474,                  -0.06641047496918318,                   0.15607762561716232,                         0.19661439772625655,                           0.641415203437281,                      24.13147412857097,-22417.909277231367,-0.11272919766102718, -22418.02200642903,                   0.0
                      0.428681651089129,                    -0.1974463179432557,                          -0.3534156065247256,                          -0.5141602734437697,                        9.48492698218097,                   2.463593732850681,                    0.0427881651420357,                   0.18406464150336643,                         -0.1491153012426006,                         0.32015307402189386,                      15.06236396080711,                    0.23082224997175838,                    0.38783227010416843,                          0.03889555698914478,                         -0.38508716808849686,                        9.19048945948437,                  1.1406654212645564,                  -0.08491252265484787,                   -0.4861218396254137,                        -0.04632304515650736,                        -0.11377150369587244,                     13.982426411932263, -41542.84993481017,  2.4359724899126114, -41540.41396232026,                   0.0
                   -0.04890743320670329,                   0.031028229738663874,                          -0.0673113938139309,                           0.1748872157504797,                      26.042307498088782,                  3.4014910773305695,                    0.1586884542857591,                 -0.019722102562967546,                          0.2975500246905408,                        -0.20295072450716098,                     14.022141445011485,                    0.49393730077249587,                     0.2878392734683618,                          0.13310624230682508,                           0.2671620517055657,                      20.993487916879907,                  1.5810515882969727,                   0.19804230808859571,                    0.0721494245934577,                         0.03768339177353552,                         -0.2106780166498821,                     24.254048383428604, -20866.75606616535,  2.8451309734440495,-20863.910935191907,                   0.0
                    0.10939316313246603,                    0.48649464263860304,                         -0.41881863383300505,                          0.05183103843281498,                       28.07812553290408,                  3.0935810409946063,                    0.2385592272580271,                   -0.5915262485526326,                         -0.3937924780014642,                        -0.06123810491231917,                     16.163278207129917,                   0.025713324097995354,                    -0.3115341287727432,                          0.19362657874720052,                          0.07115993210444164,                       18.22681666689264,                  2.0507272387167674,                  -0.13222426671872706,                  0.005124099975141539,                         -0.2645635290689539,                       -0.047525300696932116,                     1.1933766131671308,-37164.610387858185,  4.0591214245847365,  -37160.5512664336,                   0.0
                   -0.40545773153191367,                    0.08799319913238703,                         -0.09147363441632493,                          -0.4485208343550789,                      3.7342661340475547,                   4.864494539530542,                    0.1419430679716486,                   0.10755950226551471,                         0.11923411510195471,                        -0.03676531580094604,                     13.438368589302561,                     0.1328392376535463,                    -0.1983523050004218,                         -0.06491649038697465,                           0.1690571903240442,                      14.323030587236808,                   3.950628201823755,                  0.013427565389243695,                   0.26814707432197527,                        -0.12268677651710623,                        0.010590018714549078,                      7.632832544729283,-30189.136018622146,   2.619715436568859,-30186.516303185577,                   0.0
                    -0.2159991685030966,                   -0.19132299582962012,                          -0.5352302670739099,                         0.018696219515910127,                       3.417526166235605,                  2.9642683057601973,                    0.2854680074377358,                   -0.0719446717695135,                        -0.13263941951896466,                         -0.3869191010056124,                      9.495597456285353,                    -0.3455847265494712,                     0.2253803164522371,                          0.05073279465581127,                            0.066762503578036,                      16.033198858510026,                     3.8486837571303,                   -0.4388264062917242,                 -0.008760265617636591,                         0.09212387961792398,                      -0.0070228753828195595,                     10.838922921342721,  -32653.0699445793,   2.637757769877913,-32650.432186809423,                   0.0
                   -0.24626614641288383,                    0.11968006821692406,                         -0.06990460156893502,                          -0.5648483286131198,                      10.280943387240823,                    4.43963512099296,                  0.055664291633833865,                  -0.10147486417931607,                        -0.30189560352387257,                        -0.13376943286893814,                     24.690783104806222,                    -0.6344650468311703,                    -0.2619924449528116,                          -0.3033438633144302,                          0.15543238783192032,                      28.981657261847147,                  2.3556939735879325,                   0.23366547641091906,                   0.05250052905060734,                        0.019934109608226065,                          0.3550746836009488,                     18.955141917360752,-32754.810114506712,   1.960920758071837, -32752.84919374864,                   0.0
                     0.5483527487235096,                    0.28975087359961615,                           0.6808401835680893,                           0.2612343072509838,                      11.673193368834397,                  4.9579937267555225,                  -0.08730239180104027,                  -0.39261156611754405,                        -0.11936529240405938,                        -0.17692726667905204,                     11.820732586033474,                   -0.09295047601686575,                    0.17658124497287042,                          0.23558939451674488,                        -0.024380440702646493,                      22.196974780165814,                   1.439024006956106,                    0.0205162970105855,                  -0.05349192915357028,                        -0.18927317976016844,                         0.02768870379906872,                     10.946313826918962,-30234.849327575637,  1.8398591263604458,-30233.009468449276,                   0.0
                    0.33478311221758567,                   -0.32747621663176923,                         -0.19626503015112612,                         0.006318929165329448,                       6.945046556046766,                   3.686677358638865,                   -0.5466745482727177,                   -0.2432515606760392,                        -0.28061231049696356,                         0.02765754146401727,                     13.831711921052168,                    -0.5175499342330693,                    0.06189780582366278,                         -0.10633105003886267,                           0.2279007062912782,                      11.830319488599109,                  3.8049122049153015,                   -0.1113169987701326,                   0.18631551778843958,                         0.37980335287729633,                         0.05104974760947183,                     11.367975653972973, -25888.00439228206,   5.442526638771187, -25882.56186564329,                   0.0
                   -0.35066247191862593,                   -0.16202344988909717,                          -0.3359402687677713,                           0.1483667556292087,                       18.69356698880625,                   4.710142152478252,                   0.06234163718643318,                  0.025373374303968122,                         0.11379433948438399,                         -0.5668006069669057,                      20.74515531324703,                   0.060254947380157825,                     0.0882942210042439,                          -0.3365648513476613,                         0.015488945920541196,                      18.643269032059777,                   3.918038475641522,                   0.17482840085822446,                   -0.2500073772085067,                         0.18629696774168553,                          0.4756133252136932,                     19.481793428378158,-27350.925527282187,  -0.964356796877531,-27351.889884079064,                   0.0
                    0.35634334918585897,                   -0.09161787423335048,                          0.14648997769585465,                          0.25765722576582845,                       2.441423264736504,                    4.23288431350276,                   0.10666808303134533,                  -0.01986980651121887,                       -0.049585069023209936,                          0.5355085504161062,                     3.2343694093541364,                    0.42351275181252623,                    0.18953428797639896,                            0.257491936252309,                         0.059041658125012726,                      3.7246439080562577,                   4.017146469105365,                  -0.23511703580469054,                    0.2688013724589951,                          0.5487013630674439,                        -0.20551587214265693,                      2.461569237110197,-18897.469556274023,  0.6193375359559186, -18896.85021873807,                   0.0
                     0.2242462628137175,                   -0.30155056512909867,                           0.4638641346512692,                          0.07185384832180591,                       5.724304859962387,                  2.6226240983489353,                  -0.11084884591586812,                   0.38492996546052366,                        -0.27855779041518425,                        -0.09800106670614357,                      3.275828273402177,                    0.18898282117354573,                   -0.10229625529946033,                         -0.10237898160954254,                         -0.16591437405736179,                       8.728706429850009,                  2.4582669514695414,                   0.08100035362598391,                  -0.06658089396493017,                         -0.5716870711031526,                        -0.43892806870657164,                      6.049238840609799, -16847.45851325232, -0.5249344564647646,-16847.983447708786,                   0.0
                    0.21780150205463308,                   -0.28876557472878706,                          0.15308172589870467,                           0.3331952609380174,                      17.768433318694065,                  2.5136018132206632,                    0.1319595940454741,                   0.48918147561595443,                         -0.5804990644580773,                        -0.07447129592563252,                     17.682240209165936,                     0.4498458533405572,                     0.5882391962700518,                         0.038057492178561435,                           0.3057734816406207,                      28.267776574052355,                   2.046240344872926,                   0.15800846647461747,                  -0.02542272198590575,                        -0.03803146708609725,                          -0.343666694260299,                      9.260630621484662, -27127.09485737753,  3.7874605124262457,-27123.307396865104,                   0.0
                   -0.06650090292163569,                    0.27953928396306643,                         -0.20546731303778706,                          0.15774931858942887,                       29.67280246396807,                  2.1834173386650058,                  -0.18119074816063455,                  -0.24346184281933986,                        -0.27184152705477216,                         -0.3153286750292037,                     16.823353788012334,                    0.12383557772682383,                    0.24346678267979643,                         -0.10901798910480191,                          0.30791541429674113,                      1.2428632627397085,                   4.117656721286826,                   0.39355501376884383,                   -0.2588630639059341,                         -0.2161687725977988,                          0.2840477429356201,                     26.764359303927602, -38185.45933432945,   2.268446307026919, -38183.19088802242,                   0.0
                   -0.44244857503323476,                   0.058765130527626254,                          -0.1943402447092264,                          0.22798004697159652,                       5.727627931887106,                  1.2997428917497489,                  0.020687656593761487,                   -0.2463851556372709,                          0.3846676748548247,                          0.0337020237000811,                      9.990899378244883,                   -0.44982727790675153,                    -0.7125800561881076,                         0.048805304154356036,                          -0.3872842579249756,                      10.320543818722093,                  1.8467999489054652,                   0.06199262204992205,                  -0.04924722075191054,                         0.04403701654723471,                         -0.3951455752612804,                     4.0337894953049265, -36086.50564915356,   4.661767519802317, -36081.84388163376,                   0.0
                     0.4013531333505672,                    0.06600007039835903,                         -0.03925202911033948,                          -0.2974508763278944,                        17.6069395318317,                   4.330122407257937,                   -0.8054366275273986,                  -0.40914227788862023,                          0.5105953699917255,                        -0.07867521383856944,                      5.262883294630495,                     0.4306572612819764,                    -0.5596831928849947,                          0.08881616787957274,                         -0.11941338747104874,                      19.022928425284025,                  2.4625038301125928,                  -0.09333976282562963,                  -0.08910091386294812,                         0.37242178713837665,                         0.36608480900622475,                     28.561392604816163,-22613.522046565893,   6.982414516350954,-22606.539632049542,                   0.0
                   -0.39798606028400124,                     0.0754108854442717,                         -0.34918642200781663,                          -0.1933674774514558,                      12.262954025523403,                  3.4357734103800714,                   0.17926941166011975,                   -0.1902742763396886,                         0.11055644466554146,                        -0.05029908777361915,                      29.57638062144112,                   0.052128491301032344,                   -0.08371925027727818,                         -0.08000951227652774,                        -0.033457545176406686,                      3.6998444721992376,                  3.3877594451832307,                  -0.09620059449347845,                   0.11561670833561902,                       -0.012604681508262475,                        -0.26713504870981825,                     18.737754641143468,-32205.125907956284,  2.3518853711906895,-32202.774022585094,                   0.0
                     0.2594434630410685,                   0.006318037714154243,                          0.37822450606420327,                          -0.1730487775002742,                      22.073440991140455,                  2.6351185419785237,                   0.08415940692268323,                   0.08427204132359091,                          0.1387199989034299,                         0.14551991397761185,                     24.701305777995426,                    0.10680170516926947,                    0.09381680721694395,                         -0.13418495621961168,                        -0.004957524653555781,                      5.5014725638942625,                   4.462566265837792,                   0.11497038567022415,                  -0.06389033529814397,                         0.12000758764310879,                        -0.18417944943831183,                     10.977024711922562, -27565.27949490315,  1.3942018750911511, -27563.88529302806,                   0.0
                  -0.008305427056510573,                    0.15513880250416087,                        -0.017371076388393972,                          0.34476182932317545,                        9.87135559440523,                  1.6956923052352604,                   -0.1681442530853705,                   -0.3481653362101895,                        -0.17547900597485375,                         0.39285078880835844,                     14.910982123140261,                   -0.18883618797451193,                     -0.426445517006717,                         -0.32132747890782054,                         -0.20020998990925165,                       8.875246011582934,                   2.139739140906075,                   0.20097969881621172,                  -0.43032830967649943,                        -0.14692289882144088,                          0.3776348381693076,                     15.483984259947649, -31011.25164252652,   2.314374873903753,-31008.937267652618,                   0.0
                    0.38428366507144235,                     0.5210485497803554,                         0.013351904929171488,                        -0.030365075991049713,                      16.265795395770976,                   4.907456853489099,                    0.3324950031365718,                    0.3459359875843801,                         0.40969293390190453,                         -0.2914567439663917,                     13.015087174056706,                   -0.41095142249695576,                   -0.15385702472619897,                          0.34144926910850165,                         -0.42349363368829085,                      20.755871786153328,                   2.360967790462572,                   0.09076628502292516,                   0.20366390543731572,                         -0.3734381528954839,                          0.3289669372938266,                     10.735945796123787, -25644.10362910024,   2.810227168987815, -25641.29340193125,                   0.0
                    0.05147531557215176,                   -0.11587596409048152,                          -0.2306434919215107,                         0.020505844786981857,                        17.9056678717209,                  2.4189959630826845,                    0.2940606626459958,                     0.756859160014759,                         -0.1463695251905955,                        -0.04469697262943301,                     3.3512317389098323,                    -0.5457215932897064,                    -0.1206311912174697,                       -0.0034702970193907965,                          0.22328065240633957,                      1.4310148528693434,                  3.3903697746005914,                    0.2179503818922582,                  -0.18459730966617702,                         0.42510670586820026,                          0.4913019081720884,                     13.469614353573537,-31829.371311575123,   5.177856245973871, -31824.19345532915,                   0.0
                    0.35809982303025367,                   -0.14206674368063857,                          0.35257818544408265,                         -0.11293086266179976,                       2.532928220171037,                  3.1472885483226563,                    0.6059520672314418,                     0.564346006116208,                        -0.23840866531064592,                          -0.226371195744227,                      17.20396313896693,                    0.10130245384906728,                   -0.22714636791049547,                         -0.46550971462766866,                          0.25475736450918623,                       5.954810104889501,                  1.2881669012563877,                   0.38929396378418724,                  0.008120587808321086,                        -0.03676978805789252,                        -0.21594045980757606,                     23.439210026025147, -21047.34561996511,   4.913952547477469, -21042.43166741763,                   0.0
                    0.10073890298132944,                    -0.5026474698583623,                           0.2090392972012027,                          -0.6544361272664465,                      15.518472178110198,                  1.1638694850036175,                   -0.3298878167153538,                   -0.5111838139128959,                         -0.3277694736539268,                         0.30270725679721283,                     18.992630052997423,                    0.36305722328730605,                   -0.15884212405962195,                          -0.8295213477128872,                          0.28537099736117655,                      25.834621550996395,                   4.433035858390359,                   0.19584899991189256,                   -0.1648218782213163,                        -0.17059547097824593,                         -0.5030836513864432,                       4.70491442125624, -47288.25783707476, -2.5311063199919737, -47290.78894339475,                   0.0
                    0.25414009259796777,                   -0.08455776206512443,                          0.09302853308962454,                          0.30288892296826003,                      13.514243462753857,                  3.7144426664933707,                   0.26170583577704853,                    0.2561167980285922,                        -0.36549814389368224,                         0.08339093298745887,                     2.9441046658324064,                   -0.04974874764491836,                  -0.042744750814247445,                          0.24453448646915169,                          -0.5903289791722168,                       6.702535663422693,                  1.5526330124777052,                   0.24382148255514915,                  -0.30734490029624095,                         0.05261969059839946,                        -0.12223292943366788,                     22.736599791771297,-14218.004344309784,  0.6043683430910344,-14217.399975966693,                   0.0
                   -0.09173128173409513,                    -0.4560171580340129,                           0.2653941665978089,                           -0.834347963904369,                      13.351529549008049,                  3.8192855543057957,                  -0.07244619929421854,                   0.09708334431870491,                         -0.4647126895796524,                         -0.5114531475226344,                     28.086611051768948,                   -0.49243164837445935,                    0.16628679769027085,                          0.22019449195862886,                          -0.2489496000049693,                       6.661753483590207,                   1.699303435546029,                   0.12401286569038114,                   0.37104212177003876,                       0.0027604614855995446,                        -0.02571835784894144,                     16.021290622872076, -46746.63214011717, -1.6073678508326479, -46748.23950796801,                   0.0
                    0.01226553649347173,                     0.1310078660450384,                         0.018558836828358245,                           0.6807631385637709,                      28.073414599642003,                   2.805525113020437,                    -0.590758698036901,                   0.18149879011041112,                         0.13237582536853468,                         0.10699271619392524,                     21.718993770778564,                    -0.0430042998374103,                     0.7026677359010927,                         0.037070183779440394,                         -0.06548532161994441,                       6.012065942680773,                  1.9744407272834688,                   0.42611672293623465,                  -0.19317185618077992,                          0.2904178393771952,                         -0.5540310612670437,                     12.782401431038844, -32144.69632325012,   3.531720709658239, -32141.16460254046,                   0.0
                    -0.4775964876595479,                   -0.47036126554022306,                          0.09376184823699435,                          0.04058974645489202,                       5.628579342121479,                   2.035744867973902,                    0.3073116940744414,                    0.2661442822414153,                          0.4413262102684598,                         0.29636991977944055,                     17.765603850916083,                   -0.12662110343678684,                    0.33106851488911543,                          -0.2494077226735419,                         -0.22172771029608382,                      19.495711037489283,                   4.783004934650837,                   0.17892829701264568,                    0.2575155569474965,                        -0.08664699283356862,                         0.16063556866033635,                     25.213388195205873, -24140.15880823395,   4.514134317626918,-24135.644673916326,                   0.0
                     0.2073768162098129,                     0.6375814611000727,                           0.5009369333437976,                         -0.17127504344132033,                       6.538981569679976,                   3.949304947473096,                 -0.017261882535689412,                  -0.43946745575950114,                          0.1612463268653785,                         0.14899053712837554,                     23.608071770460324,                   -0.41394453135518766,                   -0.29967987552129943,                          0.03777112838088776,                          0.32277287233214175,                      14.885621700089306,                  2.0922989734286146,                  -0.13181870717603394,                  -0.32164142520711647,                         0.19480281572490227,                         0.10202377289356186,                      5.925694782152141, -29611.61695905758,   5.301002521609451, -29606.31595653597,                   0.0
                  -0.042699580748506855,                   -0.17787198005232666,                         0.021625665722099518,                          0.30401655116767984,                       9.374274728534122,                  2.9783440492635966,                    0.3225363237605287,                   0.24808171717854943,                         0.19921741545494734,                         0.24254725395687132,                     26.880796783207998,                   -0.37849600654772225,                     0.5304687423750865,                          -0.4986849416169994,                          -0.5053472427766537,                       13.95980449264718,                  2.2503866534967134,                   0.07128968067082318,                  -0.33242652628731884,                          0.0538527523600861,                         0.06336523302928641,                     21.502579960351905,-13411.604325629378,  2.4921064219756923,-13409.112219207402,                   0.0
                   -0.15398944658140037,                    0.32614148697831585,                           0.1711397675432729,                           0.1705808985057006,                       2.391505327099771,                   2.622560270223839,                   0.40213710890641835,                  -0.13533273304324592,                          0.6412943143722603,                         0.21583141322834062,                     18.264679005236026,                     0.0366804737193014,                     0.4604988103265981,                          0.23902908049826516,                           0.5567428968582172,                       10.10936702647305,                  1.7342355412440542,                    0.2347594735383127,                   0.34223388675965194,                           0.716288619776587,                        -0.47097013674568466,                     18.042560795540137,-11848.854139181693,  -2.837620103523858,-11851.691759285217,8.309235962808111e-119
                    0.11197092731702665,                   -0.01251581944551579,                          0.06427366353228382,                           0.5376528011695515,                      24.507242372317638,                  2.3628605152219007,                   -0.3332385581986739,                    0.3514258223991797,                        -0.08294776672873204,                          0.6044944589382938,                       8.37534422774368,                    -0.2715126032038715,                   -0.04879082484142357,                          -0.4270764041903354,                          -0.2003641687920731,                       2.996484790147859,                   2.870534392010441,                  -0.02007595903693198,                     0.228276820674202,                           0.488376587766424,                          0.5410492441029358,                     15.148082381627253,-31590.734288116244, -3.5096711607550035,   -31594.243959277,                   0.0
                     0.4112192696578664,                   -0.29977186237582515,                          0.23015248550853032,                          0.17623199598788578,                        21.0369300115428,                    4.95648059716365,                   -0.5408331514980703,                   -0.6293967420035437,                        -0.18373983812383177,                         0.08945201118832505,                     28.476846717361365,                   -0.20650506323805595,                     0.5389380135368617,                        0.0008972294170820485,                           -0.330493281593257,                      10.406571455524574,                    2.74032492754939,                    0.3705363525932115,                   -0.4040163559235354,                            0.41997726179937,                         0.16939713052968305,                       9.78779955567869,-24783.734023027246,   8.626794114610176,-24775.107228912635,                   0.0
                     0.7657286999418719,                    0.16958047001477025,                          0.01162502172424429,                         -0.15785802108548114,                      18.737414480241153,                  1.4534203136897883,                   0.08893981321520002,                    0.2257896193943179,                         0.04769862483583466,                         0.30639043205733957,                      7.591196822300088,                   0.030439429596147677,                    0.24379252099576146,                          0.27152169497014295,                        -0.015939380222276107,                        2.66984819969452,                  1.3191669760792637,                   0.09769160800027729,                   -0.6612975132057308,                      -0.0001758662067496037,                         0.30328041062605676,                     23.966983176651976,-39903.592394211744,   7.254069520588754,-39896.338324691154,                   0.0
                    -0.2625450306020461,                  -0.004140476682494738,                       -0.0013532184029859608,                          0.43317190803503275,                      11.301805805514299,                    4.46692343746309,                   0.20968828200590892,                    0.1457711070379486,                       -0.062127437572651406,                        -0.15990376601630857,                     13.473599495063063,                   -0.18156406355360583,                    0.42314875211978825,                          0.11539703735327787,                         -0.19032919374122986,                        9.62514798483679,                   0.983383981531818,                  0.028950880767785254,                   0.07370332833050793,                         -0.6770430598137989,                      -0.0047543101990036975,                     16.394839910275188,-17300.622093996764,  0.2173408874361752,-17300.404753109327,                   0.0
                    0.19704293026127281,                   -0.14017650775179252,                         -0.02476782178275841,                           0.3863256352476037,                      22.542752780517695,                  4.2617271623884205,                 -0.015952647559417298,                   0.19868833363512958,                        -0.14961253483319278,                        -0.20038832732118456,                     3.1591356896601965,                     0.2876118375038773,                    0.24101834503231084,                          0.25564141263553725,                          0.26237366190271033,                       11.65342565157769,                  3.7309756041849322,                    0.6371371570638883,                   -0.1557011537198392,                        0.011889745758368098,                        -0.18609673552508765,                     23.435020836475193,-16978.785016902646,   3.886240766921507,-16974.898776135724,                   0.0
                    0.26411541893934254,                    0.02204519886962502,                          -0.0499961930520082,                         -0.12075072144909658,                      13.015588345171324,                   2.166756013247939,                   0.30704893827730784,                    0.2698614998424569,                        -0.44697731060510254,                         0.37473007141720716,                     19.438089179168966,                    -0.5486972147715932,                      0.499850013553133,                          -0.1562215940228308,                         -0.03921089588160371,                      4.1476476955283665,                   4.163896206928601,                   0.21094403446578538,                    0.1429727586328346,                         0.13403025602870267,                           0.550459444040041,                      27.47703123751312,-30555.147370172657,   3.114922088777015, -30552.03244808388,                   0.0
